{"cameraMode":{"drawMode":0,"name":"Shaded","section":"Shading Mode"},"sceneLighting":true,"audioPlay":false,"sceneViewState":{"showFog":true,"showMaterialUpdate":false,"showSkybox":true,"showFlares":true,"showImageEffects":true,"showParticleSystems":true},"in2DMode":false,"pivot":{"x":-4.359717845916748,"y":-0.2083054929971695,"z":-8.273792266845704},"rotation":{"x":-0.005916047375649214,"y":0.9853070378303528,"z":-0.16710716485977174,"w":-0.03488372638821602},"size":15.49222183227539,"orthographic":true}